"0","##Using the SCENT Object:"
"0","SCENT_obj <- CreateSCENTObj(rna = mrna, atac = atac, meta.data = meta,"
"0","                            peak.info = gene_peak,"
"0","                            covariates = c(""log(nCount_RNA)"",""percent.mito""), "
"0","                            celltypes = ""newCT"")"
"0",""
"0","##Example Outputs of the SCENT Object"
"0","head(SCENT_obj@rna[1:10,1:2])"
"1","6 x 2 sparse Matrix of class ""dgCMatrix""
"
"1","           "
"1"," AAACAGCCAAGGAATC-1"
"1"," AAACAGCCAATCCCTT-1"
"1","
MIR1302-2HG"
"1","                  ."
"1","                  ."
"1","
FAM138A    "
"1","                  ."
"1","                  ."
"1","
OR4F5      "
"1","                  ."
"1","                  ."
"1","
AL627309.1 "
"1","                  ."
"1","                  ."
"1","
AL627309.3 "
"1","                  ."
"1","                  ."
"1","
AL627309.2 "
"1","                  ."
"1","                  ."
"1","
"
"0","head(SCENT_obj@atac[1:10,1:2])"
"1","6 x 2 sparse Matrix of class ""dgCMatrix""
"
"1","                  "
"1"," AAACAGCCAAGGAATC-1"
"1"," AAACAGCCAATCCCTT-1"
"1","
chr1-10046-10340  "
"1","                  ."
"1","                  ."
"1","
chr1-180709-181030"
"1","                  ."
"1","                  ."
"1","
chr1-181295-181600"
"1","                  ."
"1","                  ."
"1","
chr1-191304-191914"
"1","                  ."
"1","                  ."
"1","
chr1-267874-268088"
"1","                  ."
"1","                  ."
"1","
chr1-777539-779314"
"1","                  ."
"1","                  4"
"1","
"
"0","head(SCENT_obj@meta.data)"
