"0","####Using the SCENT Object:"
"0","SCENT_obj <- CreateSCENTObj(rna = mrna, atac = atac, meta.data = meta,"
"0","                            covariates = c(""log(nCount_RNA)"",""percent.mito""), "
"0","                            celltypes = ""newCT"")"
"0","str(SCENT_obj)"
"1","Formal class"
"1",""
"1"," '"
"1",""
"1","SCENT"
"1",""
"1","' [package """
"1",""
"1","SCENT"
"1",""
"1","""] with "
"1",""
"1","7 slots"
"1",""
"1","
"
"1","  .."
"1",""
"1","@ "
"1",""
"1","rna         "
"1",""
"1",":"
"1","Formal class"
"1",""
"1"," '"
"1",""
"1","dgCMatrix"
"1",""
"1","' [package """
"1",""
"1","Matrix"
"1",""
"1","""] with "
"1",""
"1","6 slots"
"1",""
"1","
"
"1","  .. .. .."
"1",""
"1","@ "
"1",""
"1","i       "
"1",""
"1",":"
"1"," int [1:22921588] "
"1",""
"1","17 48 53 59 86 109 113 137 168 170"
"1",""
"1"," ..."
"1",""
"1","
"
"1","  .. .. .."
"1",""
"1","@ "
"1",""
"1","p       "
"1",""
"1",":"
"1"," int [1:11458] "
"1",""
"1","0 3308 5204 8108 8954 11236 12589 15650 17341 20369"
"1",""
"1"," ..."
"1",""
"1","
"
"1","  .. .. .."
"1",""
"1","@ "
"1",""
"1","Dim     "
"1",""
"1",":"
"1"," int [1:2] "
"1",""
"1","36601 11457"
"1",""
"1","
"
"1","  .. .. .."
"1",""
"1","@ "
"1",""
"1","Dimnames"
"1",""
"1",":"
"1","List"
"1",""
"1"," of "
"1",""
"1","2"
"1",""
"1","
"
"1","  .. .. .. .."
"1",""
"1","$ "
"1",""
"1",""
"1",""
"1",":"
"1"," chr [1:36601] "
"1",""
"1","""MIR1302-2HG"" ""FAM138A"" ""OR4F5"" ""AL627309.1"""
"1",""
"1"," ..."
"1",""
"1","
"
"1","  .. .. .. .."
"1",""
"1","$ "
"1",""
"1",""
"1",""
"1",":"
"1"," chr [1:11457] "
"1",""
"1","""AAACAGCCAAGGAATC-1"" ""AAACAGCCAATCCCTT-1"" ""AAACAGCCAATGCGCT-1"" ""AAACAGCCACACTAAT-1"""
"1",""
"1"," ..."
"1",""
"1","
"
"1","  .. .. .."
"1",""
"1","@ "
"1",""
"1","x       "
"1",""
"1",":"
"1"," num [1:22921588] "
"1",""
"1","1 1 1 1 1 1 1 1 1 6"
"1",""
"1"," ..."
"1",""
"1","
"
"1","  .. .. .."
"1",""
"1","@ "
"1",""
"1","factors "
"1",""
"1",":"
"1"," "
"1",""
"1","list()
"
"1","  .."
"1",""
"1","@ "
"1",""
"1","atac        "
"1",""
"1",":"
"1","Formal class"
"1",""
"1"," '"
"1",""
"1","dgCMatrix"
"1",""
"1","' [package """
"1",""
"1","Matrix"
"1",""
"1","""] with "
"1",""
"1","6 slots"
"1",""
"1","
"
"1","  .. .. .."
"1",""
"1","@ "
"1",""
"1","i       "
"1",""
"1",":"
"1"," int [1:99789120] "
"1",""
"1","11 15 29 30 31 32 35 38 40 41"
"1",""
"1"," ..."
"1",""
"1","
"
"1","  .. .. .."
"1",""
"1","@ "
"1",""
"1","p       "
"1",""
"1",":"
"1"," int [1:11458] "
"1",""
"1","0 15630 24323 32374 33036 37326 42773 56108 64790 74943"
"1",""
"1"," ..."
"1",""
"1","
"
"1","  .. .. .."
"1",""
"1","@ "
"1",""
"1","Dim     "
"1",""
"1",":"
"1"," int [1:2] "
"1",""
"1","132291 11457"
"1",""
"1","
"
"1","  .. .. .."
"1",""
"1","@ "
"1",""
"1","Dimnames"
"1",""
"1",":"
"1","List"
"1",""
"1"," of "
"1",""
"1","2"
"1",""
"1","
"
"1","  .. .. .. .."
"1",""
"1","$ "
"1",""
"1",""
"1",""
"1",":"
"1"," chr [1:132291] "
"1",""
"1","""chr1-10046-10340"" ""chr1-180709-181030"" ""chr1-181295-181600"" ""chr1-191304-191914"""
"1",""
"1"," ..."
"1",""
"1","
"
"1","  .. .. .. .."
"1",""
"1","$ "
"1",""
"1",""
"1",""
"1",":"
"1"," chr [1:11457] "
"1",""
"1","""AAACAGCCAAGGAATC-1"" ""AAACAGCCAATCCCTT-1"" ""AAACAGCCAATGCGCT-1"" ""AAACAGCCACACTAAT-1"""
"1",""
"1"," ..."
"1",""
"1","
"
"1","  .. .. .."
"1",""
"1","@ "
"1",""
"1","x       "
"1",""
"1",":"
"1"," num [1:99789120] "
"1",""
"1","1 1 1 1 1 1 2 4 4 3"
"1",""
"1"," ..."
"1",""
"1","
"
"1","  .. .. .."
"1",""
"1","@ "
"1",""
"1","factors "
"1",""
"1",":"
"1"," "
"1",""
"1","list()
"
"1","  .."
"1",""
"1","@ "
"1",""
"1","meta.data   "
"1",""
"1",":"
"1","'data.frame':	"
"1",""
"1","11457"
"1",""
"1"," obs. of  "
"1",""
"1","6"
"1",""
"1"," variable"
"1",""
"1","s"
"1",""
"1",":"
"1",""
"1","
"
"1","  .. .."
"1",""
"1","$ "
"1",""
"1","nCount_RNA  "
"1",""
"1",":"
"1"," num [1:11457] "
"1",""
"1","8380 3771 6876 1733 5415"
"1",""
"1"," ..."
"1",""
"1","
"
"1","  .. .."
"1",""
"1","$ "
"1",""
"1","nCount_ATAC "
"1",""
"1",":"
"1"," num [1:11457] "
"1",""
"1","60853 23797 19977 1437 9289"
"1",""
"1"," ..."
"1",""
"1","
"
"1","  .. .."
"1",""
"1","$ "
"1",""
"1","percent.mito"
"1",""
"1",":"
"1"," num [1:11457] "
"1",""
"1","0.015 0.0221 0.0144 0.0388 0.016"
"1",""
"1"," ..."
"1",""
"1","
"
"1","  .. .."
"1",""
"1","$ "
"1",""
"1","predicted.id"
"1",""
"1",":"
"1"," chr [1:11457] "
"1",""
"1","""CD4 Naive"" ""CD4 TCM"" ""CD4 Naive"" ""CD4 Naive"""
"1",""
"1"," ..."
"1",""
"1","
"
"1","  .. .."
"1",""
"1","$ "
"1",""
"1","newCT       "
"1",""
"1",":"
"1"," chr [1:11457] "
"1",""
"1","""Tnk"" ""Tnk"" ""Tnk"" ""Tnk"""
"1",""
"1"," ..."
"1",""
"1","
"
"1","  .. .."
"1",""
"1","$ "
"1",""
"1","cell        "
"1",""
"1",":"
"1"," chr [1:11457] "
"1",""
"1","""AAACAGCCAAGGAATC-1"" ""AAACAGCCAATCCCTT-1"" ""AAACAGCCAATGCGCT-1"" ""AAACAGCCACACTAAT-1"""
"1",""
"1"," ..."
"1",""
"1","
"
"1","  .."
"1",""
"1","@ "
"1",""
"1","peak.info   "
"1",""
"1",":"
"1"," NULL
"
"1","  .."
"1",""
"1","@ "
"1",""
"1","covariates  "
"1",""
"1",":"
"1"," chr [1:2] "
"1",""
"1","""log(nCount_RNA)"" ""percent.mito"""
"1",""
"1","
"
"1","  .."
"1",""
"1","@ "
"1",""
"1","celltypes   "
"1",""
"1",":"
"1"," chr "
"1",""
"1","""newCT"""
"1",""
"1","
"
"1","  .."
"1",""
"1","@ "
"1",""
"1","SCENT.result"
"1",""
"1",":"
"1","'data.frame':	"
"1",""
"1","0"
"1",""
"1"," obs. of  "
"1",""
"1","0"
"1",""
"1"," variable"
"1",""
"1","s"
"1",""
"1","
"
"1","Formal class"
"1",""
"1"," '"
"1",""
"1","data.frame"
"1",""
"1","' [package """
"1",""
"1","methods"
"1",""
"1","""] with "
"1",""
"1","4 slots"
"1",""
"1","
"
"1","  .. .. .."
"1",""
"1","@ "
"1",""
"1",".Data    "
"1",""
"1",":"
"1"," "
"1",""
"1","list()
"
"1","  .. .. .."
"1",""
"1","@ "
"1",""
"1","names    "
"1",""
"1",":"
"1"," chr(0) "
"1",""
"1",""
"1",""
"1","
"
"1","  .. .. .."
"1",""
"1","@ "
"1",""
"1","row.names"
"1",""
"1",":"
"1"," int(0) "
"1",""
"1",""
"1",""
"1","
"
"1","  .. .. .."
"1",""
"1","@ "
"1",""
"1",".S3Class "
"1",""
"1",":"
"1"," chr "
"1",""
"1","""data.frame"""
"1",""
"1","
"
